ID,suda_score,proportion_of_lattice,MSU_size_1,MSU_size_2,MSU_size_3,MSU_size_4,MSU_size_5,persons_contribution_%,hhwt_contribution_%,gq_contribution_%,regionw_contribution_%,ownershipd_contribution_%
346,32,0.266667,2,0,0,0,0,0.0,50.0,50.0,0,0.0
1520,8,0.066667,0,1,0,0,0,100.0,0.0,100.0,0,0.0
1163,8,0.066667,0,1,0,0,0,100.0,0.0,100.0,0,0.0
1280,8,0.066667,0,1,0,0,0,100.0,0.0,100.0,0,0.0
1477,8,0.066667,0,1,0,0,0,100.0,0.0,100.0,0,0.0
805,8,0.066667,0,1,0,0,0,100.0,0.0,100.0,0,0.0
1818,8,0.066667,0,1,0,0,0,100.0,0.0,100.0,0,0.0
2852,8,0.066667,0,1,0,0,0,100.0,0.0,100.0,0,0.0
15,16,0.133333,0,2,0,0,0,100.0,0.0,50.0,0,50.0
1194,16,0.133333,0,2,0,0,0,100.0,0.0,50.0,0,50.0
3170,8,0.066667,0,1,0,0,0,100.0,0.0,100.0,0,0.0
623,8,0.066667,0,1,0,0,0,100.0,0.0,100.0,0,0.0
1354,8,0.066667,0,1,0,0,0,100.0,0.0,100.0,0,0.0
2143,8,0.066667,0,1,0,0,0,100.0,0.0,100.0,0,0.0
1336,8,0.066667,0,1,0,0,0,100.0,0.0,0.0,0,100.0
28,8,0.066667,0,1,0,0,0,100.0,0.0,0.0,0,100.0
2587,8,0.066667,0,1,0,0,0,100.0,0.0,0.0,0,100.0
991,8,0.066667,0,1,0,0,0,100.0,0.0,0.0,0,100.0
1836,8,0.066667,0,1,0,0,0,100.0,0.0,0.0,0,100.0
1792,8,0.066667,0,1,0,0,0,100.0,0.0,0.0,0,100.0
2853,8,0.066667,0,1,0,0,0,100.0,0.0,0.0,0,100.0
1925,8,0.066667,0,1,0,0,0,100.0,0.0,0.0,0,100.0
2618,8,0.066667,0,1,0,0,0,100.0,0.0,0.0,0,100.0
1762,8,0.066667,0,1,0,0,0,100.0,0.0,0.0,0,100.0
731,8,0.066667,0,1,0,0,0,100.0,0.0,0.0,0,100.0
1732,8,0.066667,0,1,0,0,0,100.0,0.0,0.0,0,100.0
1777,8,0.066667,0,1,0,0,0,100.0,0.0,0.0,0,100.0
2309,8,0.066667,0,1,0,0,0,100.0,0.0,0.0,0,100.0
1417,8,0.066667,0,1,0,0,0,100.0,0.0,0.0,0,100.0
2511,8,0.066667,0,1,0,0,0,100.0,0.0,0.0,0,100.0
1389,8,0.066667,0,1,0,0,0,100.0,0.0,0.0,0,100.0
250,8,0.066667,0,1,0,0,0,100.0,0.0,0.0,0,100.0
2802,8,0.066667,0,1,0,0,0,100.0,0.0,0.0,0,100.0
1518,8,0.066667,0,1,0,0,0,100.0,0.0,0.0,0,100.0
2003,4,0.033333,0,0,1,0,0,100.0,0.0,100.0,0,100.0
1395,4,0.033333,0,0,1,0,0,100.0,0.0,100.0,0,100.0
2592,4,0.033333,0,0,1,0,0,100.0,0.0,100.0,0,100.0
1731,4,0.033333,0,0,1,0,0,100.0,0.0,100.0,0,100.0
2800,4,0.033333,0,0,1,0,0,100.0,0.0,100.0,0,100.0
2193,4,0.033333,0,0,1,0,0,100.0,0.0,100.0,0,100.0
