ID,suda_score,proportion_of_lattice,MSU_size_1,MSU_size_2,MSU_size_3,MSU_size_4,MSU_size_5,persons_contribution_%,hhwt_contribution_%,gq_contribution_%,regionw_contribution_%,ownershipd_contribution_%
2964,32,0.266667,2,0,0,0,0,0.0,50.0,50.0,0,0.0
439,8,0.066667,0,1,0,0,0,100.0,0.0,100.0,0,0.0
376,8,0.066667,0,1,0,0,0,100.0,0.0,100.0,0,0.0
1846,8,0.066667,0,1,0,0,0,100.0,0.0,100.0,0,0.0
832,8,0.066667,0,1,0,0,0,100.0,0.0,100.0,0,0.0
1083,8,0.066667,0,1,0,0,0,100.0,0.0,100.0,0,0.0
1135,8,0.066667,0,1,0,0,0,100.0,0.0,100.0,0,0.0
1236,8,0.066667,0,1,0,0,0,100.0,0.0,100.0,0,0.0
97,16,0.133333,0,2,0,0,0,100.0,0.0,50.0,0,50.0
32,16,0.133333,0,2,0,0,0,100.0,0.0,50.0,0,50.0
290,8,0.066667,0,1,0,0,0,100.0,0.0,100.0,0,0.0
1880,8,0.066667,0,1,0,0,0,100.0,0.0,100.0,0,0.0
960,8,0.066667,0,1,0,0,0,100.0,0.0,100.0,0,0.0
2432,8,0.066667,0,1,0,0,0,100.0,0.0,100.0,0,0.0
1036,8,0.066667,0,1,0,0,0,100.0,0.0,0.0,0,100.0
245,8,0.066667,0,1,0,0,0,100.0,0.0,0.0,0,100.0
1255,8,0.066667,0,1,0,0,0,100.0,0.0,0.0,0,100.0
2222,8,0.066667,0,1,0,0,0,100.0,0.0,0.0,0,100.0
611,8,0.066667,0,1,0,0,0,100.0,0.0,0.0,0,100.0
790,8,0.066667,0,1,0,0,0,100.0,0.0,0.0,0,100.0
1353,8,0.066667,0,1,0,0,0,100.0,0.0,0.0,0,100.0
2774,8,0.066667,0,1,0,0,0,100.0,0.0,0.0,0,100.0
2003,8,0.066667,0,1,0,0,0,100.0,0.0,0.0,0,100.0
2056,8,0.066667,0,1,0,0,0,100.0,0.0,0.0,0,100.0
3058,8,0.066667,0,1,0,0,0,100.0,0.0,0.0,0,100.0
2718,8,0.066667,0,1,0,0,0,100.0,0.0,0.0,0,100.0
2745,8,0.066667,0,1,0,0,0,100.0,0.0,0.0,0,100.0
2617,8,0.066667,0,1,0,0,0,100.0,0.0,0.0,0,100.0
872,8,0.066667,0,1,0,0,0,100.0,0.0,0.0,0,100.0
859,8,0.066667,0,1,0,0,0,100.0,0.0,0.0,0,100.0
2885,8,0.066667,0,1,0,0,0,100.0,0.0,0.0,0,100.0
1831,8,0.066667,0,1,0,0,0,100.0,0.0,0.0,0,100.0
2524,8,0.066667,0,1,0,0,0,100.0,0.0,0.0,0,100.0
1584,8,0.066667,0,1,0,0,0,100.0,0.0,0.0,0,100.0
1721,4,0.033333,0,0,1,0,0,100.0,0.0,100.0,0,100.0
2555,4,0.033333,0,0,1,0,0,100.0,0.0,100.0,0,100.0
1213,4,0.033333,0,0,1,0,0,100.0,0.0,100.0,0,100.0
787,4,0.033333,0,0,1,0,0,100.0,0.0,100.0,0,100.0
2229,4,0.033333,0,0,1,0,0,100.0,0.0,100.0,0,100.0
1486,4,0.033333,0,0,1,0,0,100.0,0.0,100.0,0,100.0
